0|0|None|None|None|None
1000|1|BeiJing|BeiJing|北京|北京
1000|1|None|BeiJing|None|北京*
2000|2|ShangHai|ShangHai|上海|上海
3000|3|None|GuangDong|None|广东
3001|3|GuangZhou|GuangDong|广州|广东
3002|3|ShaoGuan|GuangDong|韶关|广东
3003|3|ShenZhen|GuangDong|深圳|广东
3004|3|ZhuHai|GuangDong|珠海|广东
3005|3|ShanTou|GuangDong|汕头|广东
3006|3|FoShan|GuangDong|佛山|广东
3007|3|JiangMen|GuangDong|江门|广东
3008|3|ZhanJiang|GuangDong|湛江|广东
3009|3|MaoMing|GuangDong|茂名|广东
3010|3|ZhaoQing|GuangDong|肇庆|广东
3011|3|HuiZhou|GuangDong|惠州|广东
3012|3|MeiZhou|GuangDong|梅州|广东
3013|3|ShanWei|GuangDong|汕尾|广东
3014|3|HeYuan|GuangDong|河源|广东
3015|3|YangJiang|GuangDong|阳江|广东
3016|3|QingYuan|GuangDong|清远|广东
3017|3|DongGuan|GuangDong|东莞|广东
3018|3|ZhongShan|GuangDong|中山|广东
3019|3|ChaoZhou|GuangDong|潮州|广东
3020|3|JieYang|GuangDong|揭阳|广东
3021|3|YunFu|GuangDong|云浮|广东
4000|4|TianJin|TianJin|天津|天津
4000|4|TianJin|None|天津|天津*
5000|5|ChongQing|ChongQing|重庆|重庆
6000|6|None|ShanDong|None|山东
6001|6|JiNan|ShanDong|济南|山东
6002|6|QingDao|ShanDong|青岛|山东
6003|6|ZiBo|ShanDong|淄博|山东
6004|6|ZaoZhuang|ShanDong|枣庄|山东
6005|6|DongYing|ShanDong|东营|山东
6006|6|YanTai|ShanDong|烟台|山东
6007|6|WeiFang|ShanDong|潍坊|山东
6008|6|JiNing|ShanDong|济宁|山东
6009|6|TaiAn|ShanDong|泰安|山东
6010|6|WeiHai|ShanDong|威海|山东
6011|6|RiZhao|ShanDong|日照|山东
6012|6|LaiWu|ShanDong|莱芜|山东
6013|6|LinYi|ShanDong|临沂|山东
6014|6|DeZhou|ShanDong|德州|山东
6015|6|LiaoCheng|ShanDong|聊城|山东
6016|6|BinZhou|ShanDong|滨州|山东
6017|6|HeZe|ShanDong|菏泽|山东
7000|7|None|HeBei|None|河北
7001|7|ShiJiaZhuang|HeBei|石家庄|河北
7002|7|TangShan|HeBei|唐山|河北
7003|7|QinHuangDao|HeBei|秦皇岛|河北
7004|7|HanDan|HeBei|邯郸|河北
7005|7|XingTai|HeBei|邢台|河北
7006|7|BaoDing|HeBei|保定|河北
7007|7|ZhangJiaKou|HeBei|张家口|河北
7008|7|ChengDe|HeBei|承德|河北
7009|7|CangZhou|HeBei|沧州|河北
7010|7|LangFang|HeBei|廊坊|河北
7011|7|HengShui|HeBei|衡水|河北
8000|8|None|Shan1Xi|None|山西
8001|8|TaiYuan|Shan1Xi|太原|山西
8002|8|DaTong|Shan1Xi|大同|山西
8003|8|YangQuan|Shan1Xi|阳泉|山西
8004|8|ChangZhi|Shan1Xi|长治|山西
8005|8|JinCheng|Shan1Xi|晋城|山西
8006|8|ShuoZhou|Shan1Xi|朔州|山西
8007|8|JinZhong|Shan1Xi|晋中|山西
8008|8|YunCheng|Shan1Xi|运城|山西
8009|8|XinZhou|Shan1Xi|忻州|山西
8010|8|LinFen|Shan1Xi|临汾|山西
8011|8|LvLiang|Shan1Xi|吕梁|山西
9000|9|None|HeNan|None|河南
9001|9|ZhengZhou|HeNan|郑州|河南
9001|9|ZhengZho|HeNan|郑州|河南*
9002|9|KaiFeng|HeNan|开封|河南
9003|9|LuoYang|HeNan|洛阳|河南
9004|9|PingDingShan|HeNan|平顶山|河南
9005|9|AnYang|HeNan|安阳|河南
9006|9|HeBi|HeNan|鹤壁|河南
9007|9|XinXiang|HeNan|新乡|河南
9008|9|JiaoZuo|HeNan|焦作|河南
9009|9|PuYang|HeNan|濮阳|河南
9009|9|FuYang|HeNan|濮阳|河南*
9010|9|XuChang|HeNan|许昌|河南
9011|9|LuoHe|HeNan|漯河|河南
9012|9|SanMenXia|HeNan|三门峡|河南
9013|9|NanYang|HeNan|南阳|河南
9014|9|ShangQiu|HeNan|商丘|河南
9015|9|XinYang|HeNan|信阳|河南
9016|9|ZhouKou|HeNan|周口|河南
9017|9|ZhuMaDian|HeNan|驻马店|河南
9018|9|JiYuan|HeNan|济源|河南*
10000|10|None|ZheJiang|None|浙江
10001|10|HangZhou|ZheJiang|杭州|浙江
10002|10|NingBo|ZheJiang|宁波|浙江
10003|10|WenZhou|ZheJiang|温州|浙江
10004|10|JiaXing|ZheJiang|嘉兴|浙江
10005|10|HuZhou|ZheJiang|湖州|浙江
10006|10|ShaoXing|ZheJiang|绍兴|浙江
10007|10|JinHua|ZheJiang|金华|浙江
10008|10|QuZhou|ZheJiang|衢州|浙江
10009|10|ZhouShan|ZheJiang|舟山|浙江
10010|10|TaiZhou|ZheJiang|台州|浙江
10011|10|LiShui|ZheJiang|丽水|浙江
11000|11|None|HuBei|None|湖北
11001|11|WuHan|HuBei|武汉|湖北
11002|11|HuangShi|HuBei|黄石|湖北
11003|11|ShiYan|HuBei|十堰|湖北
11004|11|YiChang|HuBei|宜昌|湖北
11005|11|XiangYang|HuBei|襄阳|湖北
11005|11|XiangFan|HuBei|襄樊|湖北*
11006|11|EZhou|HuBei|鄂州|湖北
11007|11|JingMen|HuBei|荆门|湖北
11008|11|XiaoGan|HuBei|孝感|湖北
11009|11|JingZhou|HuBei|荆州|湖北
11010|11|HuangGang|HuBei|黄冈|湖北
11011|11|XianNing|HuBei|咸宁|湖北
11012|11|SuiZhou|HuBei|随州|湖北
11013|11|EnShi|HuBei|恩施|湖北
12000|12|None|AnHui|None|安徽
12001|12|HeFei|AnHui|合肥|安徽
12002|12|WuHu|AnHui|芜湖|安徽
12003|12|BangBu|AnHui|蚌埠|安徽
12004|12|HuaiNan|AnHui|淮南|安徽
12005|12|MaAnShan|AnHui|马鞍山|安徽
12006|12|HuaiBei|AnHui|淮北|安徽
12007|12|TongLing|AnHui|铜陵|安徽
12008|12|AnQing|AnHui|安庆|安徽
12009|12|HuangShan|AnHui|黄山|安徽
12010|12|ChuZhou|AnHui|滁州|安徽
12011|12|FuYang|AnHui|阜阳|安徽
12012|12|SuZhou|AnHui|宿州|安徽
12013|12|ChaoHu|AnHui|巢湖|安徽
12014|12|LiuAn|AnHui|六安|安徽
12015|12|BoZhou|AnHui|亳州|安徽
12016|12|ChiZhou|AnHui|池州|安徽
12017|12|XuanCheng|AnHui|宣城|安徽
13000|13|None|Shan3Xi|None|陕西
13001|13|XiAn|Shan3Xi|西安|陕西
13001|13|XiAn|Shan3xi|西安|陕西*
13002|13|TongChuan|Shan3Xi|铜川|陕西
13003|13|BaoJi|Shan3Xi|宝鸡|陕西
13004|13|XianYang|Shan3Xi|咸阳|陕西
13005|13|WeiNan|Shan3Xi|渭南|陕西
13006|13|YanAn|Shan3Xi|延安|陕西
13007|13|HanZhong|Shan3Xi|汉中|陕西
13008|23|YuLin|Shan3Xi|榆林|陕西
13009|13|AnKang|Shan3Xi|安康|陕西
13010|13|ShangLuo|Shan3Xi|商洛|陕西
14000|14|None|JiangXi|None|江西
14001|14|NanChang|JiangXi|南昌|江西
14002|14|JingDeZhen|JiangXi|景德镇|江西
14003|14|PingXiang|JiangXi|萍乡|江西
14004|14|JiuJiang|JiangXi|九江|江西
14005|14|XinYu|JiangXi|新余|江西
14006|14|YingTan|JiangXi|鹰潭|江西
14007|14|GanZhou|JiangXi|赣州|江西
14008|14|JiAn|JiangXi|吉安|江西
14009|14|YiChun|JiangXi|宜春|江西
14010|14|FuZhou|JiangXi|抚州|江西
14011|14|ShangRao|JiangXi|上饶|江西
15000|15|None|NeiMeng|None|内蒙古
15001|15|HuHeHaoTe|NeiMeng|呼和浩特|内蒙古
15002|15|BaoTou|NeiMeng|包头|内蒙古
15003|15|WuHai|NeiMeng|乌海|内蒙古
15004|15|ChiFeng|NeiMeng|赤峰|内蒙古
15005|15|TongLiao|NeiMeng|通辽|内蒙古
15006|15|EErDuoSi|NeiMeng|鄂尔多斯|内蒙古
15007|15|HuLunBeiEr|NeiMeng|呼伦贝尔|内蒙古
15008|15|BaYanNaoEr|NeiMeng|巴彦淖尔|内蒙古
15009|15|WuLanChaBu|NeiMeng|乌兰察布|内蒙古
15010|15|XingAnMeng|NeiMeng|兴安盟|内蒙古
15011|15|XiLinGuoLeMeng|NeiMeng|锡林郭勒盟|内蒙古
15012|15|ALaShanMeng|NeiMeng|阿拉善盟|内蒙古
16000|16|None|FuJian|None|福建
16001|16|FuZhou|FuJian|福州|福建
16002|16|XiaMen|FuJian|厦门|福建
16003|16|PuTian|FuJian|莆田|福建
16004|16|SanMing|FuJian|三明|福建
16005|16|QuanZhou|FuJian|泉州|福建
16006|16|ZhangZhou|FuJian|漳州|福建
16007|16|NanPing|FuJian|南平|福建
16008|16|LongYan|FuJian|龙岩|福建
16009|16|NingDe|FuJian|宁德|福建
17000|17|None|LiaoNing|None|辽宁
17001|17|ShenYang|LiaoNing|沈阳|辽宁
17002|17|DaLian|LiaoNing|大连|辽宁
17003|17|AnShan|LiaoNing|鞍山|辽宁
17004|17|FuShun|LiaoNing|抚顺|辽宁
17005|17|BenXi|LiaoNing|本溪|辽宁
17006|17|DanDong|LiaoNing|丹东|辽宁
17007|17|JinZhou|LiaoNing|锦州|辽宁
17008|17|YingKou|LiaoNing|营口|辽宁
17009|17|FuXin|LiaoNing|阜新|辽宁
17010|17|LiaoYang|LiaoNing|辽阳|辽宁
17011|17|PanJin|LiaoNing|盘锦|辽宁
17012|17|TieLing|LiaoNing|铁岭|辽宁
17013|17|ChaoYang|LiaoNing|朝阳|辽宁
17014|17|HuLuDao|LiaoNing|葫芦岛|辽宁
18000|18|None|GuiZhou|None|贵州
18001|18|GuiYang|GuiZhou|贵阳|贵州
18002|18|LiuPanShui|GuiZhou|六盘水|贵州
18003|18|ZunYi|GuiZhou|遵义|贵州
18004|18|AnShun|GuiZhou|安顺|贵州
18005|18|TongRen|GuiZhou|铜仁|贵州
18007|18|BiJie|GuiZhou|毕节|贵州
18008|18|QianDongNan|GuiZhou|黔东南|贵州
18009|18|QianNan|GuiZhou|黔南|贵州
18010|18|QianXiNan|GuiZhou|黔西南|贵州*
19000|19|None|JiangSu|None|江苏
19000|19|JiangYin|JiangSu|江阴|江苏*
19001|19|NanJing|JiangSu|南京|江苏
19002|19|WuXi|JiangSu|无锡|江苏
19003|19|XuZhou|JiangSu|徐州|江苏
19004|19|ChangZhou|JiangSu|常州|江苏
19005|19|SuZhou|JiangSu|苏州|江苏
19006|19|NanTong|JiangSu|南通|江苏
19007|19|LianYunGang|JiangSu|连云港|江苏
19008|19|HuaiAn|JiangSu|淮安|江苏
19009|19|YanCheng|JiangSu|盐城|江苏
19010|19|YangZhou|JiangSu|扬州|江苏
19011|19|ZhenJiang|JiangSu|镇江|江苏
19012|19|TaiZhou|JiangSu|泰州|江苏
19013|19|SuQian|JiangSu|宿迁|江苏
20000|20|None|SiChuan|None|四川
20001|20|ChengDu|SiChuan|成都|四川
20002|20|ZiGong|SiChuan|自贡|四川
20003|20|PanZhiHua|SiChuan|攀枝花|四川
20004|20|LuZhou|SiChuan|泸州|四川
20005|20|DeYang|SiChuan|德阳|四川
20006|20|MianYang|SiChuan|绵阳|四川
20007|20|GuangYuan|SiChuan|广元|四川
20008|20|SuiNing|SiChuan|遂宁|四川
20009|20|NeiJiang|SiChuan|内江|四川
20010|20|LeShan|SiChuan|乐山|四川
20011|20|NanChong|SiChuan|南充|四川
20012|20|MeiShan|SiChuan|眉山|四川
20013|20|YiBin|SiChuan|宜宾|四川
20014|20|GuangAn|SiChuan|广安|四川
20015|20|DaZhou|SiChuan|达州|四川
20016|20|YaAn|SiChuan|雅安|四川
20017|20|BaZhong|SiChuan|巴中|四川
20018|20|ZiYang|SiChuan|资阳|四川
20019|20|ABa|SiChuan|阿坝|四川
20020|20|GanZi|SiChuan|甘孜|四川
20021|20|LiangShan|SiChuan|凉山|四川
21000|21|None|JiLin|None|吉林
21001|21|ChangChun|JiLin|长春|吉林
21002|21|JiLin|JiLin|吉林|吉林
21003|21|SiPing|JiLin|四平|吉林
21004|21|LiaoYuan|JiLin|辽源|吉林
21005|21|TongHua|JiLin|通化|吉林
21006|21|BaiShan|JiLin|白山|吉林
21007|21|SongYuan|JiLin|松原|吉林
21008|21|BaiCheng|JiLin|白城|吉林
21009|21|YanBian|JiLin|延边|吉林
22000|22|None|XinJiang|None|新疆
22001|22|WuLuMuQi|XinJiang|乌鲁木齐|新疆
22002|22|KeLaMaYi|XinJiang|克拉玛依|新疆
22003|22|TuLuFan|XinJiang|吐鲁番|新疆
22004|22|HaMi|XinJiang|哈密|新疆
22005|22|ChangJi|XinJiang|昌吉|新疆
22006|22|BoErTaLa|XinJiang|博尔塔拉|新疆
22007|22|BaYinGuoLeng|XinJiang|巴音郭楞|新疆
22008|22|AKeSu|XinJiang|阿克苏|新疆
22009|22|KeZiLeSu|XinJiang|克孜勒苏|新疆
22010|22|KaShi|XinJiang|喀什|新疆
22011|22|HeTian|XinJiang|和田|新疆
22012|22|YiLi|XinJiang|伊犁|新疆
22013|22|TaCheng|XinJiang|塔城|新疆
22014|22|ALeTai|XinJiang|阿勒泰|新疆
23000|23|None|GuangXi|None|广西
23001|23|NanNing|GuangXi|南宁|广西
23002|23|LiuZhou|GuangXi|柳州|广西
23003|23|GuiLin|GuangXi|桂林|广西
23004|23|WuZhou|GuangXi|梧州|广西
23005|23|BeiHai|GuangXi|北海|广西
23006|23|FangChengGang|GuangXi|防城港|广西
23007|23|QinZhou|GuangXi|钦州|广西
23008|23|GuiGang|GuangXi|贵港|广西
23009|23|YuLin|GuangXi|玉林|广西
23010|23|BaiSe|GuangXi|百色|广西
23011|23|HeZhou|GuangXi|贺州|广西
23012|23|HeChi|GuangXi|河池|广西
23013|23|LaiBin|GuangXi|来宾|广西
23014|23|ChongZuo|GuangXi|崇左|广西
23015|23|YuLin|GuangXi|玉林|广西
24000|24|None|HeiLongJiang|None|黑龙江
24001|24|HaErBin|HeiLongJiang|哈尔滨|黑龙江
24002|24|QiQiHaEr|HeiLongJiang|齐齐哈尔|黑龙江
24003|24|JiXi|HeiLongJiang|鸡西|黑龙江
24004|24|HeGang|HeiLongJiang|鹤岗|黑龙江
24005|24|ShuangYaShan|HeiLongJiang|双鸭山|黑龙江
24006|24|DaQing|HeiLongJiang|大庆|黑龙江
24007|24|YiChun|HeiLongJiang|伊春|黑龙江
24008|24|JiaMuSi|HeiLongJiang|佳木斯|黑龙江
24009|24|QiTaiHe|HeiLongJiang|七台河|黑龙江
24010|24|MuDanJiang|HeiLongJiang|牡丹江|黑龙江
24011|24|HeiHe|HeiLongJiang|黑河|黑龙江
24012|24|SuiHua|HeiLongJiang|绥化|黑龙江
24013|24|DaXingAnLing|HeiLongJiang|大兴安岭|黑龙江
25000|25|None|HaiNan|None|海南
25001|25|HaiKou|HaiNan|海口|海南
25002|25|SanYa|HaiNan|三亚|海南
26000|26|None|YunNan|None|云南
26001|26|KunMing|YunNan|昆明|云南
26002|26|QuJing|YunNan|曲靖|云南
26003|26|YuXi|YunNan|玉溪|云南
26004|26|BaoShan|YunNan|保山|云南
26005|26|ZhaoTong|YunNan|昭通|云南
26006|26|LiJiang|YunNan|丽江|云南
26007|26|PuEr|YunNan|普洱|云南
26008|26|LinCang|YunNan|临沧|云南
26009|26|ChuXiong|YunNan|楚雄|云南
26010|26|HongHe|YunNan|红河|云南
26011|26|WenShan|YunNan|文山|云南
26012|26|XiShuangBanNa|YunNan|西双版纳|云南
26013|26|DaLi|YunNan|大理|云南
26014|26|DeHong|YunNan|德宏|云南
26015|26|NuJiang|YunNan|怒江|云南
26016|26|DiQing|YunNan|迪庆|云南
27000|27|None|HuNan|None|湖南
27001|27|ChangSha|HuNan|长沙|湖南
27002|27|ZhuZhou|HuNan|株洲|湖南
27003|27|XiangTan|HuNan|湘潭|湖南
27004|27|HengYang|HuNan|衡阳|湖南
27005|27|ShaoYang|HuNan|邵阳|湖南
27006|27|YueYang|HuNan|岳阳|湖南
27007|27|ChangDe|HuNan|常德|湖南
27008|27|ZhangJiaJie|HuNan|张家界|湖南
27009|27|YiYang|HuNan|益阳|湖南
27010|27|ChenZhou|HuNan|郴州|湖南
27011|27|YongZhou|HuNan|永州|湖南
27012|27|HuaiHua|HuNan|怀化|湖南
27013|27|LouDi|HuNan|娄底|湖南
27014|27|XiangXi|HuNan|湘西|湖南
28000|28|None|NingXia|None|宁夏
28001|28|YinChuan|NingXia|银川|宁夏
28002|28|ShiZuiShan|NingXia|石嘴山|宁夏
28003|28|WuZhong|NingXia|吴忠|宁夏
28004|28|GuYuan|NingXia|固原|宁夏
28005|28|ZhongWei|NingXia|中卫|宁夏
29000|29|None|QingHai|None|青海
29001|29|XiNing|QingHai|西宁|青海
29002|29|HaiDong|QingHai|海东|青海
29003|29|HaiBei|QingHai|海北|青海
29004|29|HuangNan|QingHai|黄南|青海
29005|29|HaiNan|QingHai|海南|青海
29006|29|GuoLuo|QingHai|果洛|青海
30000|30|None|XiZang|None|西藏
30001|30|LaSa|XiZang|拉萨|西藏
30002|30|ChangDu|XiZang|昌都|西藏
30003|30|ShanNan|XiZang|山南|西藏
30004|30|RiKaZe|XiZang|日喀则|西藏
30005|30|NaQu|XiZang|那曲|西藏
30006|30|ALi|XiZang|阿里|西藏
30007|30|LinZhi|XiZang|林芝|西藏
31000|31|None|GanSu|None|甘肃
31001|31|LanZhou|GanSu|兰州|甘肃
31002|31|JiaYuGuan|GanSu|嘉峪关|甘肃
31003|31|JinChang|GanSu|金昌|甘肃
31004|31|BaiYin|GanSu|白银|甘肃
31005|31|TianShui|GanSu|天水|甘肃
31006|31|WuWei|GanSu|武威|甘肃
31007|31|ZhangYe|GanSu|张掖|甘肃
31008|31|PingLiang|GanSu|平凉|甘肃
31009|31|JiuQuan|GanSu|酒泉|甘肃
31010|31|QingYang|GanSu|庆阳|甘肃
31011|31|DingXi|GanSu|定西|甘肃
31012|31|LongNan|GanSu|陇南|甘肃
31013|31|LinXia|GanSu|临夏|甘肃
31014|31|GanNan|GanSu|甘南|甘肃
32000|32|None|BS|None|巴哈马
33000|33|None|BT|None|不丹
34000|34|None|AU|None|澳大利亚
35000|35|None|BW|None|博茨瓦纳
36000|36|None|BY|None|白俄罗斯
37000|37|None|BZ|None|伯利兹
38000|38|None|CA|None|加拿大
40000|40|None|CD|None|刚果（金）
41000|41|None|CF|None|中非
42000|42|None|CG|None|刚果（布）
43000|43|None|CH|None|瑞士
44000|44|None|CI|None|科特迪瓦
45000|45|None|CK|None|库克群岛
46000|46|None|CL|None|智利
47000|47|None|CM|None|喀麦隆
48000|48|None|MO|None|澳门
49000|49|None|CO|None|哥伦比亚
50000|50|None|CR|None|哥斯达黎加
51000|51|None|CU|None|古巴
52000|52|None|CV|None|佛得角
53000|53|None|CW|None|库拉索
55000|55|None|CY|None|塞浦路斯
56000|56|None|CZ|None|捷克
57000|57|None|DE|None|德国
58000|58|None|DJ|None|吉布提
59000|59|None|DK|None|丹麦
60000|60|None|DM|None|多米尼克
61000|61|None|DO|None|多米尼加
62000|62|None|DZ|None|阿尔及利亚
63000|63|None|EC|None|厄瓜多尔
64000|64|None|EE|None|爱沙尼亚
65000|65|None|EG|None|埃及
67000|67|None|ER|None|厄立特里亚
68000|68|None|ES|None|西班牙
69000|69|None|ET|None|埃塞俄比亚
70000|70|None|FI|None|芬兰
71000|71|None|FJ|None|斐济
73000|73|None|FM|None|密克罗尼西亚联邦
74000|74|None|FO|None|法罗群岛
75000|75|None|FR|None|法国
76000|76|None|GA|None|加蓬
77000|77|None|GB|None|英国
78000|78|None|GD|None|格林纳达
79000|79|None|GE|None|格鲁吉亚
80000|80|None|GF|None|法属圭亚那
81000|81|None|GG|None|根西岛
82000|82|None|GH|None|加纳
83000|83|None|GI|None|直布罗陀
84000|84|None|GL|None|格陵兰
85000|85|None|GM|None|冈比亚
86000|86|None|GN|None|几内亚
87000|87|None|GP|None|瓜德罗普
88000|88|None|GQ|None|赤道几内亚
89000|89|None|GR|None|希腊
91000|91|None|GT|None|危地马拉
92000|92|None|GU|None|关岛
93000|93|None|GW|None|几内亚比绍
94000|94|None|GY|None|圭亚那
95000|95|None|HK|None|香港
95000|95|None|HK_BN|None|香港
97000|97|None|HN|None|洪都拉斯
98000|98|None|HR|None|克罗地亚
99000|99|None|HT|None|海地
100000|100|None|HU|None|匈牙利
101000|101|None|ID|None|印度尼西亚
102000|102|None|IE|None|爱尔兰
103000|103|None|IL|None|以色列
104000|104|None|IM|None|马恩岛
105000|105|None|IN|None|印度
106000|106|None|IO|None|英属印度洋领地
107000|107|None|IQ|None|伊拉克
108000|108|None|IR|None|伊朗
109000|109|None|IS|None|冰岛
110000|110|None|IT|None|意大利
111000|111|None|JE|None|泽西岛
112000|112|None|JM|None|牙买加
113000|113|None|JO|None|约旦
114000|114|None|JP|None|日本
115000|115|None|KE|None|肯尼亚
116000|116|None|KG|None|吉尔吉斯斯坦
117000|117|None|KH|None|柬埔寨
118000|118|None|KI|None|基里巴斯
119000|119|None|KM|None|科摩罗
120000|120|None|KN|None|圣基茨和尼维斯
121000|121|None|KP|None|朝鲜
122000|122|None|KR|None|韩国
123000|123|None|KW|None|科威特
124000|124|None|KY|None|开曼群岛
125000|125|None|KZ|None|哈萨克斯坦
126000|126|None|LA|None|老挝
127000|127|None|LB|None|黎巴嫩
128000|128|None|LC|None|圣卢西亚
129000|129|None|LI|None|列支敦士登
130000|130|None|LK|None|斯里兰卡
131000|131|None|LR|None|利比里亚
132000|132|None|LS|None|莱索托
133000|133|None|LT|None|立陶宛
134000|134|None|LU|None|卢森堡
135000|135|None|LV|None|拉脱维亚
136000|136|None|LY|None|利比亚
137000|137|None|MA|None|摩洛哥
138000|138|None|MC|None|摩纳哥
139000|139|None|MD|None|摩尔多瓦
140000|140|None|ME|None|黑山
141000|141|None|MF|None|法属圣马丁
142000|142|None|MG|None|马达加斯加
143000|143|None|MH|None|马绍尔群岛
144000|144|None|MK|None|马其顿
145000|145|None|ML|None|马里
146000|146|None|MM|None|缅甸
147000|147|None|MN|None|蒙古
148000|148|None|MO|None|澳门
149000|149|None|MP|None|北马里亚纳群岛
150000|150|None|MQ|None|马提尼克
151000|151|None|MR|None|毛里塔尼亚
152000|152|None|MS|None|蒙塞拉特岛
153000|153|None|MT|None|马耳他
154000|154|None|MU|None|毛里求斯
155000|155|None|MV|None|马尔代夫
156000|156|None|MW|None|马拉维
157000|157|None|MX|None|墨西哥
158000|158|None|MY|None|马来西亚
159000|159|None|MZ|None|莫桑比克
160000|160|None|NA|None|纳米比亚
161000|161|None|NC|None|新喀里多尼亚
162000|162|None|NE|None|尼日尔
163000|163|None|NF|None|诺福克岛
164000|164|None|NG|None|尼日利亚
165000|165|None|NI|None|尼加拉瓜
166000|166|None|NL|None|荷兰
167000|167|None|NO|None|挪威
168000|168|None|NP|None|尼泊尔
169000|169|None|NR|None|瑙鲁
170000|170|None|NU|None|纽埃
171000|171|None|NZ|None|新西兰
172000|172|None|OM|None|阿曼
173000|173|None|PA|None|巴拿马
174000|174|None|PE|None|秘鲁
175000|175|None|PF|None|法属波利尼西亚
176000|176|None|PG|None|巴布亚新几内亚
177000|177|None|PH|None|菲律宾
178000|178|None|PK|None|巴基斯坦
179000|179|None|PL|None|波兰
182000|182|None|PR|None|波多黎各
183000|183|None|PS|None|巴勒斯坦
184000|184|None|PT|None|葡萄牙
185000|185|None|PW|None|帕劳
186000|186|None|PY|None|巴拉圭
187000|187|None|QA|None|卡塔尔
188000|188|None|RE|None|留尼汪
189000|189|None|RO|None|罗马尼亚
190000|190|None|RS|None|塞尔维亚
191000|191|None|RU|None|俄罗斯
192000|192|None|RW|None|卢旺达
193000|193|None|SA|None|沙特阿拉伯
194000|194|None|SB|None|所罗门群岛
195000|195|None|SC|None|塞舌尔
196000|196|None|SD|None|苏丹
197000|197|None|SE|None|瑞典
198000|198|None|SG|None|新加坡
200000|200|None|SI|None|斯洛文尼亚
202000|202|None|SK|None|斯洛伐克
203000|203|None|SL|None|塞拉利昂
204000|204|None|SM|None|圣马力诺
205000|205|None|SN|None|塞内加尔
206000|206|None|SO|None|索马里
207000|207|None|SR|None|苏里南
208000|208|None|SS|None|南苏丹
209000|209|None|ST|None|圣多美和普林西比
210000|210|None|SV|None|萨尔瓦多
211000|211|None|SX|None|荷属圣马丁
212000|212|None|SY|None|叙利亚
213000|213|None|SZ|None|斯威士兰
214000|214|None|TC|None|特克斯和凯科斯群岛
215000|215|None|TD|None|乍得
217000|217|None|TG|None|多哥
218000|218|None|TH|None|泰国
219000|219|None|TJ|None|塔吉克斯坦
220000|220|None|TK|None|托克劳
221000|221|None|TL|None|东帝汶
222000|222|None|TM|None|土库曼斯坦
223000|223|None|TN|None|突尼斯
224000|224|None|TO|None|汤加
225000|225|None|TR|None|土耳其
226000|226|None|TT|None|特立尼达和多巴哥
227000|227|None|TV|None|图瓦卢
228000|228|None|TW|None|台湾
229000|229|None|TZ|None|坦桑尼亚
230000|230|None|UA|None|乌克兰
231000|231|None|UG|None|乌干达
233000|233|None|US|None|美国
234000|234|None|UY|None|乌拉圭
235000|235|None|UZ|None|乌兹别克斯坦
236000|236|None|VA|None|梵蒂冈
237000|237|None|VC|None|圣文森特和格林纳丁斯
238000|238|None|VE|None|委内瑞拉
239000|239|None|VG|None|英属维尔京群岛
240000|240|None|VI|None|美属维尔京群岛
241000|241|None|VN|None|越南
242000|242|None|VU|None|瓦努阿图
243000|243|None|WF|None|瓦利斯和富图纳
244000|244|None|WS|None|萨摩亚
245000|245|None|YE|None|也门
246000|246|None|YT|None|马约特
247000|247|None|ZA|None|南非
248000|248|None|ZM|None|赞比亚
249000|249|None|ZW|None|津巴布韦
250000|250|None|IANA|None|IANA保留地址
250000|250|None|IANA保留地址|None|IANA保留地址*
251000|251|None|NorthernAmerica|None|北美地区
252000|252|None|AP|None|亚太地区
253000|253|None|EU|None|欧盟
302000|302|None|AE|None|阿联酋
303000|303|None|AF|None|阿富汗
304000|304|None|AG|None|安提瓜和巴布达
305000|305|None|AI|None|安圭拉
306000|306|None|AL|None|阿尔巴尼亚
307000|307|None|AM|None|亚美尼亚
308000|308|None|AO|None|安哥拉
310000|310|None|AR|None|阿根廷
310000|310|None|AS|None|美属萨摩亚
312000|312|None|AT|None|奥地利
313000|313|None|AU|None|澳大利亚
314000|314|None|AW|None|阿鲁巴
315000|315|None|AX|None|奥兰群岛
316000|316|None|AZ|None|阿塞拜疆
317000|317|None|BA|None|波黑
318000|318|None|BB|None|巴巴多斯
319000|319|None|BD|None|孟加拉
320000|320|None|BE|None|比利时
321000|321|None|BF|None|布基纳法索
322000|322|None|BG|None|保加利亚
323000|323|None|BH|None|巴林
324000|324|None|BI|None|布隆迪
325000|325|None|BJ|None|贝宁
327000|327|None|BM|None|百慕大
328000|328|None|BN|None|文莱
329000|329|None|BO|None|玻利维亚
330000|330|None|BQ|None|荷兰加勒比区
331000|331|None|BR|None|巴西 