0|None|None
1|NET263|263网络
2|EHOME|E家宽
3|ALIBABA|阿里巴巴
4|AIPU|艾普网络
5|EGOVNET|经济信息网
6|SCN|四川广电
7|BAIDU|百度网络
8|TOPWAY-NET|天威视讯
9|BBNET|宽带通
10|CNLINKNET|互联通
11|CCCNET|中电华通
12|NOVANETWORK|南凌科技
13|NBLNET|北京新亿网络
14|YYNET|屹立由
15|CITICNET|中信网络
16|BITNET|比特网
17|TIMENET|亿诚时代
18|ABITCOOL|世纪互联
19|YYCNET|燕阳世纪
20|NJGD|中国科技网
21|NETEASE|网易
22|CNCITYNET|宽捷网
23|DQTNET|大庆油田
24|BEELINK|None
26|CT|电信
28|COLNET|东方有线
29|DONGFENG|东风通信
30|FBWN|方正宽带
31|PCCW|电讯盈科
32|CHIEF|是方电讯
33|BGCTVNET|歌华有线
34|HK_CMNET|香港移动
35|HKT|香港电讯
36|SCC|广电网
37|HK-iCable|香港i-Cable
38|HK_BN|香港宽频
41|GZGH|广州总工会
43|SINOIX|国创富盛
44|OTHER|国内其他
49|HS-NET|航数宽网
52|ETRUNK|恒汇宽带
53|HTBN|互通宽带
55|HTXX|华北油田
56|WASU|华数
63|CERNET|教育网
64|KUANCOM|京宽网络
68|CSTNET|科技网
69|OVERSEA|海外运营商
70|KLTCN|快灵通网络
77|CNC|联通
78|CNCXGX|联通新国信
85|IDCPS|前景世纪
92|AORONG|上海奥融
97|SEG|深圳赛格
100|21VIANET|世纪互联
103|GDVNET|视讯宽带
104|CAPNET|首信网
108|SONGYUANTX|松原通信
109|SHSHNET|速衡网络
116|TENCENT|腾讯网络
117|TDTDX|天地通电信
120|TWNET|天威视讯
122|CRTC|铁通
144|XWMEDIA|兴网传媒
147|CMNET|移动
148|YMNET|义马通信
154|CGWNET|长城互联网
155|GWBN|长城宽带
156|CHTX|长春通信
159|FIBRLINK|中电飞华
160|CHINACOMM|中电华通
161|ISPUN|中国ISP联盟
163|CNNIC|中国互联网信息中心
168|CHTNET|中华电信
171|PMJT|中平能化集团
173|CITIC|中信网络
175|ZYHT|中远华通
177|GZCATV|珠江宽频
179|LOCALISP|本地局域网
181|CFIC|福建光通互联
182|EORANGE|上海一橙网络
183|CSCATV|长沙国安广电
184|ChiLian|驰联网络