0|None|None
1|BeiJing|北京
2|ShangHai|上海
3|GuangDong|广东
4|TianJin|天津
5|ChongQing|重庆
6|ShanDong|山东
7|HeBei|河北
8|Shan1Xi|山西
9|HeNan|河南
10|ZheJiang|浙江
11|HuBei|湖北
12|AnHui|安徽
13|Shan3Xi|陕西
14|JiangXi|江西
15|NeiMeng|内蒙古
16|FuJian|福建
17|LiaoNing|辽宁
18|GuiZhou|贵州
19|JiangSu|江苏
20|SiChuan|四川
21|JiLin|吉林
22|XinJiang|新疆
23|GuangXi|广西
24|HeiLongJiang|黑龙江
25|HaiNan|海南
26|YunNan|云南
27|HuNan|湖南
28|NingXia|宁夏
29|QingHai|青海
30|XiZang|西藏
31|GanSu|甘肃
32|BS|巴哈马
33|BT|不丹
35|BW|博茨瓦纳
36|BY|白俄罗斯
37|BZ|伯利兹
38|CA|加拿大
40|CD|刚果（金）
41|CF|中非
42|CG|刚果（布）
43|CH|瑞士
44|CI|科特迪瓦
45|CK|库克群岛
46|CL|智利
47|CM|喀麦隆
49|CO|哥伦比亚
50|CR|哥斯达黎加
51|CU|古巴
52|CV|佛得角
53|CW|库拉索
55|CY|塞浦路斯
56|CZ|捷克
57|DE|德国
58|DJ|吉布提
59|DK|丹麦
60|DM|多米尼克
61|DO|多米尼加
62|DZ|阿尔及利亚
63|EC|厄瓜多尔
64|EE|爱沙尼亚
65|EG|埃及
67|ER|厄立特里亚
68|ES|西班牙
69|ET|埃塞俄比亚
70|FI|芬兰
71|FJ|斐济
73|FM|密克罗尼西亚联邦
74|FO|法罗群岛
75|FR|法国
76|GA|加蓬
77|GB|英国
78|GD|格林纳达
79|GE|格鲁吉亚
80|GF|法属圭亚那
81|GG|根西岛
82|GH|加纳
83|GI|直布罗陀
84|GL|格陵兰
85|GM|冈比亚
86|GN|几内亚
87|GP|瓜德罗普
88|GQ|赤道几内亚
89|GR|希腊
91|GT|危地马拉
92|GU|关岛
93|GW|几内亚比绍
94|GY|圭亚那
95|HK|香港
97|HN|洪都拉斯
98|HR|克罗地亚
99|HT|海地
100|HU|匈牙利
101|ID|印度尼西亚
102|IE|爱尔兰
103|IL|以色列
104|IM|马恩岛
105|IN|印度
106|IO|英属印度洋领地
107|IQ|伊拉克
108|IR|伊朗
109|IS|冰岛
110|IT|意大利
111|JE|泽西岛
112|JM|牙买加
113|JO|约旦
114|JP|日本
115|KE|肯尼亚
116|KG|吉尔吉斯斯坦
117|KH|柬埔寨
118|KI|基里巴斯
119|KM|科摩罗
120|KN|圣基茨和尼维斯
121|KP|朝鲜
122|KR|韩国
123|KW|科威特
124|KY|开曼群岛
125|KZ|哈萨克斯坦
126|LA|老挝
127|LB|黎巴嫩
128|LC|圣卢西亚
129|LI|列支敦士登
130|LK|斯里兰卡
131|LR|利比里亚
132|LS|莱索托
133|LT|立陶宛
134|LU|卢森堡
135|LV|拉脱维亚
136|LY|利比亚
137|MA|摩洛哥
138|MC|摩纳哥
139|MD|摩尔多瓦
140|ME|黑山
141|MF|法属圣马丁
142|MG|马达加斯加
143|MH|马绍尔群岛
144|MK|马其顿
145|ML|马里
146|MM|缅甸
147|MN|蒙古
148|MO|澳门
149|MP|北马里亚纳群岛
150|MQ|马提尼克
151|MR|毛里塔尼亚
152|MS|蒙塞拉特岛
153|MT|马耳他
154|MU|毛里求斯
155|MV|马尔代夫
156|MW|马拉维
157|MX|墨西哥
158|MY|马来西亚
159|MZ|莫桑比克
160|NA|纳米比亚
161|NC|新喀里多尼亚
162|NE|尼日尔
163|NF|诺福克岛
164|NG|尼日利亚
165|NI|尼加拉瓜
166|NL|荷兰
167|NO|挪威
168|NP|尼泊尔
169|NR|瑙鲁
170|NU|纽埃
171|NZ|新西兰
172|OM|阿曼
173|PA|巴拿马
174|PE|秘鲁
175|PF|法属波利尼西亚
176|PG|巴布亚新几内亚
177|PH|菲律宾
178|PK|巴基斯坦
179|PL|波兰
182|PR|波多黎各
183|PS|巴勒斯坦
184|PT|葡萄牙
185|PW|帕劳
186|PY|巴拉圭
187|QA|卡塔尔
188|RE|留尼汪
189|RO|罗马尼亚
190|RS|塞尔维亚
191|RU|俄罗斯
192|RW|卢旺达
193|SA|沙特阿拉伯
194|SB|所罗门群岛
195|SC|塞舌尔
196|SD|苏丹
197|SE|瑞典
198|SG|新加坡
200|SI|斯洛文尼亚
202|SK|斯洛伐克
203|SL|塞拉利昂
204|SM|圣马力诺
205|SN|塞内加尔
206|SO|索马里
207|SR|苏里南
208|SS|南苏丹
209|ST|圣多美和普林西比
210|SV|萨尔瓦多
211|SX|荷属圣马丁
212|SY|叙利亚
213|SZ|斯威士兰
214|TC|特克斯和凯科斯群岛
215|TD|乍得
217|TG|多哥
218|TH|泰国
219|TJ|塔吉克斯坦
220|TK|托克劳
221|TL|东帝汶
222|TM|土库曼斯坦
223|TN|突尼斯
224|TO|汤加
225|TR|土耳其
226|TT|特立尼达和多巴哥
227|TV|图瓦卢
228|TW|台湾
229|TZ|坦桑尼亚
230|UA|乌克兰
231|UG|乌干达
233|US|美国
234|UY|乌拉圭
235|UZ|乌兹别克斯坦
236|VA|梵蒂冈
237|VC|圣文森特和格林纳丁斯
238|VE|委内瑞拉
239|VG|英属维尔京群岛
240|VI|美属维尔京群岛
241|VN|越南
242|VU|瓦努阿图
243|WF|瓦利斯和富图纳
244|WS|萨摩亚
245|YE|也门
246|YT|马约特
247|ZA|南非
248|ZM|赞比亚
249|ZW|津巴布韦
250|IANA|IANA保留地址
251|NorthernAmerica|北美地区
252|AP|亚太地区
253|EU|欧盟
300|HK_BN|None
302|AE|阿联酋
303|AF|阿富汗
304|AG|安提瓜和巴布达
305|AI|安圭拉
306|AL|阿尔巴尼亚
307|AM|亚美尼亚
308|AO|安哥拉
310|AR|阿根廷
311|AS|美属萨摩亚
312|AT|奥地利
313|AU|澳大利亚
314|AW|阿鲁巴
315|AX|奥兰群岛
316|AZ|阿塞拜疆
317|BA|波黑
318|BB|巴巴多斯
319|BD|孟加拉
320|BE|比利时
321|BF|布基纳法索
322|BG|保加利亚
323|BH|巴林
324|BI|布隆迪
325|BJ|贝宁
327|BM|百慕大
328|BN|文莱
329|BO|玻利维亚
330|BQ|荷兰加勒比区
331|BR|巴西