0|None
1|v.admaster.com.cn
2|viqiyi.admaster.com.cn
3|iqiyi.m.cn.miaozhen.com
4|g.cn.miaozhen.com
5|www.iqiyi.com
6|pdata.video.qiyi.com
7|api.cupid.iqiyi.com
8|msg.71.am
9|tyaqy.m.cn.miaozhen.com
10|sf.video.qiyi.com
11|t7z.cupid.iqiyi.com
12|ty.viqiyi.admaster.com.cn
13|vtyqy.admaster.com.cn
14|397c0.admaster.com.cn
15|v2a.qbt.iqiyi.com
16|msg2.video.qiyi.com
17|msg2.video.ptqy.gitv.tv
18|msga.71.am
19|msga.ptqy.gitv.tv
20|flux.hcdn.ptqy.gitv.tv
21|flux.hcdn.ppstream.com
22|flux.hcdn.qiyi.com
23|http://msg.video.qiyi.com/vodpb.gif?t=check&rec=msglostrate
24|msg2.cupid.iqiyi.com
25|msga.cupid.iqiyi.com
26|iface.iqiyi.com
27|iface2.iqiyi.com
28|miaozhen.iqiyi.com
29|vadmaster.iqiyi.com
30|c7r.cupid.iqiyi.com
31|msgs.cupid.iqiyi.com
32|itv.video.iqiyi.com
33|itv.video.ptqy.gitv.tv
34|itv.video.c002.ottcn.com
35|mixer.video.iqiyi.com
36|mixer.video.ptqy.gitv.tv
37|mixer.video.c002.ottcn.com
38|cache.video.qiyi.com
39|cache.video.iqiyi.com
40|cache.video.ptqy.gitv.tv
41|cache.video.c002.ottcn.com
42|live.video.iqiyi.com
43|live.video.ptqy.gitv.tv
44|live.video.c002.ottcn.com
45|drm.video.iqiyi.com
46|drm.video.ptqy.gitv.tv
47|cache.m.qiyi.com
48|cache.m.iqiyi.com
49|cache.m.ptqy.gitv.tv
50|cache.m.c002.ottcn.com
51|meelivepush.fmscachepush.ourdvs.com
52|bilibili.fmscachepush.ourdvs.com
53|http://120.221.12.7:80/
54|http://security.iqiyi.com/
55|passport.iqiyi.com
56|passport.ptqy.gitv.tv
57|passport.pps.tv
58|ali-push.v.momocdn.com.w.alikunlun.net
300|http://pdata.video.qiyi.com/videos/v0/20150311/qycs0001.f4v?pv=0.2
301|http://dldir1.qq.com/qqfile/qq/tm/2013Preview2/10913/TM2013Preview2.exe
302|http://pcclient.download.youku.com/youkuclient/youkuclient_setup_7.1.7.3031_a.exe
303|http://proxy.hcdn.iqiyi.com/download/ndtest?t=456
